 bounce_number , time_of_bounce , quadrant_of_bounce , frame_number 
 1 , 0.702423 , 4 , 42 
 2 , 1.505192 , out of bound , 90 
 3 , 2.843141 , 1 , 170 
 4 , 3.662635 , out of bound , 219 
 5 , 5.318347 , 1 , 318 
 6 , 6.371982 , 2 , 381 
 7 , 7.191476 , out of bound , 430 
 8 , 8.847188 , 2 , 529 
 9 , 11.991369 , 3 , 717 
 10 , 14.767613 , 3 , 883 
 11 , 16.941780 , out of bound , 1013 
 12 , 18.145934 , 2 , 1085 
 13 , 20.303377 , 2 , 1214 
